"First Name","Last Name (Surname)","Date of birth","Email Address","SSN","Address","Patients MRN","Blood Type","Weight","Height"
"william r","johnson","11/31/1910","libero.lacus@mi.co.uk","515-00-2150","7703 Aragorn Court","241-9-77668","O-","122 pounds (55.5 kilograms)","5’8” (172.72 centimeters)"
"william c","davis","08/31/1941","iaculis.lacus@accumsansed.ca","814-70-3542","5985 Lamar Street","058-2-31802","O+","108 pounds (49 kilograms)","5’5” (165.1 centimeters)"
"wayne c","nesmith","01/06/2013","curae@arcuet.net","615-64-8331","1915 Southeast 29th Street","368-3-29080","B+","258 pounds (117 kilograms)","6’6” (198.12 centimeters)"
"tracy d","suire","12/31/1914","aliquet@lobortis.co.uk","800-62-9171","8820 Culebra Street","789-8-24056","B+","178 pounds (80.5 kilograms)","5’2” (157.48 centimeters)"
"thomas e","barnard","02/31/1966","ac@facilisismagnatellus.com","388-84-3633","435 Benita Drive","317-9-37739","B-","347 pounds (157.5 kilograms)","5’4” (162.56 centimeters)"
"richard j","califano","02/31/1933","feugiat@variusnam.com","366-63-7663","301 Willow Way","568-3-40847","B+","242 pounds (110 kilograms)","6’0” (182.88 centimeters)"
"michael r","godwin","11/30/1985","leo.vivamus.nibh@blanditviverradonec.com","152-80-4121","36360 Beech Place","023-0-48321","B-","281 pounds (127.5 kilograms)","5’8” (172.72 centimeters)"
"michael e","lira","08/31/2010","mattis.ornare@sedmalesuada.org","353-75-2217","9176 Ellis Way","511-0-90022","O-","352 pounds (160 kilograms)","6’6” (198.12 centimeters)"
"matthew j","marquez","09/04/2004","ornare.lectus.ante@eratvolutpatnulla.org","029-96-0058","4221 Thompson Avenue","285-5-60738","O-","287 pounds (130 kilograms)","6’2” (187.96 centimeters)"
"malcolm","samaroo","12/30/1936","auctor.quis@urnanec.net","114-04-0031","73 Twin Hills Drive","179-5-72714","B-","265 pounds (120 kilograms)","5’10” (177.8 centimeters)"
"louis e","raulerson","11/05/2013","egestas.rhoncus@etiamlaoreetlibero.co.uk","252-81-7913","115 Waddell Road","131-7-96162","AB-","142 pounds (64.5 kilograms)","5’4” (162.56 centimeters)"
"justin t","kipfinger","05/31/1983","amet.risus@pharetra.com","832-29-7012","2310 Donleigh Court","678-6-41141","O-","176 pounds (80 kilograms)","5’4” (162.56 centimeters)"
"justin l","jones","11/02/1935","ut.aliquam@lectusconvallis.edu","239-67-9598","110 Lenoak Drive","065-4-46210","A-","120 pounds (54.5 kilograms)","5’8” (172.72 centimeters)"
"justin l","corbit","08/30/2009","feugiat.nec@cursus.ca","384-21-9358","2106 Standard Avenue","170-8-19615","B+","147 pounds (66.5 kilograms)","5’6” (167.74 centimeters)"
"joshua","bohanan","06/30/1975","nunc.ut.erat@interdumlibero.com","220-57-6721","2902 North Gregg Avenue","466-0-90226","O-","206 pounds (93.5 kilograms)","5’0” (152.4 centimeters)"
"jose","marrero","11/31/1965","ut@inconsequat.co.uk","474-20-3140","82 Fairfield Street","468-4-79504","AB-","294 pounds (133.5 kilograms)","5’3” (160.02 centimeters)"
"jeremy k","clark","11/30/1984","nullam.suscipit@utmolestiein.net","461-55-2028","16244 Seville Park Circle","321-5-45510","B-","351 pounds (159.5 kilograms)","5’11” (180.34 centimeters)"
"geraldo","perez","12/03/2007","morbi@proineget.com","950-76-2844","320 South Ramblin Oaks Drive","920-1-93042","B+","198 pounds (90 kilograms)","5’6” (167.74 centimeters)"
"franklin d","wright","11/26/1966","eu@pharetranibhaliquam.net","887-91-6597","841 Whittier Hill Road","806-9-40614","B+","225 pounds (102 kilograms)","5’6” (167.74 centimeters)"
"charles w","townsend","11/12/2008","quam.dignissim.pharetra@egestas.org","225-66-4166","1636 Church Street Northwest","044-0-56267","B+","105 pounds (47.5 kilograms)","5’2” (157.48 centimeters)"